FTrait,Parameter,pvalue1,pvalue2,r_squared,adj_r_squared
Turf,NN_umolL,0.113843195627539,0.0654514542530033,0.310948897968644,0.219075417697797
Br,Phosphate_umolL,0.573579667387819,0.016732808491519,0.318129405306047,0.232895580969302
Fol,Phosphate_umolL,0.630172026860629,3.06004389271642e-4,0.86202662739259,0.822605663790473
Br,NN_umolL,0.660846758414765,0.00237828621884798,0.451861600922374,0.383344301037671
Fil,NN_umolL,0.113843195627539,0.0654514542530033,0.310948897968644,0.219075417697797
Cushion,NN_umolL,0.296178013190755,0.0267990262909117,0.517335447788371,0.396669309735464
Stol,NN_umolL,0.0581407458378712,0.255882259481361,0.900970564381869,0.801941128763738
NC,NN_umolL,0.0153198308566963,0.748194992960468,0.318381146862682,0.233178790220518
Herm,NN_umolL,0.00413165811173855,0.0473160051300799,0.540005200973742,0.474291658255706
